381001,ПАЛИАТ
381002,ПАЛИАТ
381003,ПАЛИАТ
381004,ПАЛИАТ
381005,ПАЛИАТ
381006,ПАЛИАТ
381007,ПАЛИАТ
381008,ПАЛИАТ
381009,ПАЛИАТ
381010,ПАЛИАТ
381011,ПАЛИАТ
381012,ПАЛИАТ
381013,ПАЛИАТ
381014,ПАЛИАТ
381015,ПАЛИАТ
381016,ПАЛИАТ
381017,ПАЛИАТ
381018,ПАЛИАТ
381019,ПАЛИАТ
381020,ПАЛИАТ
381021,ПАЛИАТ
381022,ПАЛИАТ
381061,БИНТАУ
381062,БИНТАУ
381063,БИНТАУ
381064,БИНТАУ
381065,БИНТАУ
381066,БИНТАУ
381067,БИНТАУ
381068,БИНТАУ
381069,БИНТАУ
381070,БИНТАУ
381071,БИНТАУ
381072,БИНТАУ
381073,БИНТАУ
381074,БИНТАУ
381075,БИНТАУ
381076,БИНТАУ
381077,БИНТАУ
381078,БИНТАУ
381079,БИНТАУ
381080,БИНТАУ
381081,БИНТАУ
381082,БИНТАУ
381083,БИНТАУ
381084,БИНТАУ
381085,БИНТАУ
381086,БИНТАУ
381087,БИНТАУ
381088,БИНТАУ
381089,БИНТАУ
381090,БИНТАУ
381091,БИНТАУ
381092,БИНТАУ
381093,БИНТАУ
381094,БИНТАУ
381095,БИНТАУ
381096,БИНТАУ
381097,БИНТАУ
381098,БИНТАУ
381099,БИНТАУ
381100,БИНТАУ
381101,БИНТАУ
381102,БИНТАУ
381103,БИНТАУ
381104,БИНТАУ
381105,БИНТАУ
381106,БИНТАУ
381107,БИНТАУ
381108,БИНТАУ
381109,БИНТАУ
381110,БИНТАУ
381111,БИНТАУ
381112,БИНТАУ
381113,БИНТАУ
381114,БИНТАУ
381115,БИНТАУ
381116,БИНТАУ
381117,БИНТАУ
381118,БИНТАУ
381119,БИНТАУ
381120,БИНТАУ
381123,БИНТАУ
381125,БИНТАУ
381126,БИНТАУ
381127,БИНТАУ
381128,БИНТАУ
381362,СОЛАР
381363,СОЛАР
381364,СОЛАР
381365,СОЛАР
381366,СОЛАР
381367,СОЛАР
381368,СОЛАР
381369,СОЛАР
381370,СОЛАР
381371,СОЛАР
381372,СОЛАР
381373,СОЛАР
381374,СОЛАР
381375,СОЛАР
381376,СОЛАР
381377,СОЛАР
381378,СОЛАР
381379,СОЛАР
381380,СОЛАР
381381,СОЛАР
381382,СОЛАР
381383,СОЛАР
381384,СОЛАР
381385,СОЛАР
381386,СОЛАР
381387,СОЛАР
381388,СОЛАР
381389,СОЛАР
381390,СОЛАР
381391,СОЛАР
381392,СОЛАР
381514,БОРНЕО
381515,БОРНЕО
381516,БОРНЕО
381518,БОРНЕО
381519,БОРНЕО
381520,БОРНЕО
381521,БОРНЕО
381522,БОРНЕО
381523,БОРНЕО
381524,БОРНЕО
381525,БОРНЕО
381526,БОРНЕО
381527,БОРНЕО
381528,БОРНЕО
381529,БОРНЕО
381530,БОРНЕО
381531,БОРНЕО
381532,БОРНЕО
381533,БОРНЕО
381534,БОРНЕО
381535,БОРНЕО
381814,ТАЛАНГО
381815,ТАЛАНГО
381816,ТАЛАНГО
381817,ТАЛАНГО
381818,ТАЛАНГО
381819,ТАЛАНГО
381820,ТАЛАНГО
381821,ТАЛАНГО
381822,ТАЛАНГО
381823,ТАЛАНГО
381824,ТАЛАНГО
381825,ТАЛАНГО
381826,ТАЛАНГО
381827,ТАЛАНГО
381828,ТАЛАНГО
381829,ТАЛАНГО
381830,ТАЛАНГО
381831,ТАЛАНГО
381832,ТАЛАНГО
381833,ТАЛАНГО
381834,ТАЛАНГО
381835,ТАЛАНГО
381836,ТАЛАНГО
381837,ТАЛАНГО
381838,ТАЛАНГО
381839,ТАЛАНГО
381840,ТАЛАНГО
381841,ТАЛАНГО
381842,ТАЛАНГО
381843,ТАЛАНГО
381844,ТАЛАНГО
381845,ТАЛАНГО
381846,ТАЛАНГО
381847,ТАЛАНГО
381848,ТАЛАНГО
381849,ТАЛАНГО
381850,ТАЛАНГО
381851,ТАЛАНГО
381852,ТАЛАНГО
381853,ТАЛАНГО
381854,ТАЛАНГО
381855,ТАЛАНГО
381856,ТАЛАНГО
381857,ТАЛАНГО
381858,ТАЛАНГО
381859,ТАЛАНГО
381860,ТАЛАНГО
381861,ТАЛАНГО
381862,ТАЛАНГО
381863,ТАЛАНГО
381864,ТАЛАНГО
381865,ТАЛАНГО
381866,ТАЛАНГО
381867,ТАЛАНГО
381868,ТАЛАНГО
381869,ТАЛАНГО
381870,ТАЛАНГО
381871,ТАЛАНГО
381872,ТАЛАНГО
381873,ТАЛАНГО
381874,ТАЛАНГО
381875,ТАЛАНГО
381876,ТАЛАНГО
381877,ТАЛАНГО
381878,ТАЛАНГО
381879,ТАЛАНГО
381880,ТАЛАНГО
381881,ТАЛАНГО
381882,ТАЛАНГО
381883,ТАЛАНГО
381884,ТАЛАНГО
381885,ТАЛАНГО
381886,ТАЛАНГО
381887,ТАЛАНГО
381888,ТАЛАНГО
381889,ТАЛАНГО
381890,ТАЛАНГО
381891,ТАЛАНГО
381892,ТАЛАНГО
381893,ТАЛАНГО
381894,ТАЛАНГО
381895,ТАЛАНГО
381896,ТАЛАНГО
381897,ТАЛАНГО
381898,ТАЛАНГО
381899,ТАЛАНГО
381900,ТАЛАНГО
381901,ТАЛАНГО
381902,ТАЛАНГО
381903,ТАЛАНГО
381904,ТАЛАНГО
381905,ТАЛАНГО
381906,ТАЛАНГО
381907,ТАЛАНГО
381908,ТАЛАНГО
381909,ТАЛАНГО
381910,ТАЛАНГО
381911,ТАЛАНГО
381912,ТАЛАНГО
381913,ТАЛАНГО
382164,МЕДАНГ
382165,МЕДАНГ
382166,МЕДАНГ
382167,МЕДАНГ
382168,МЕДАНГ
382169,МЕДАНГ
382170,МЕДАНГ
382171,МЕДАНГ
382245,ПАНТАРА
382246,ПАНТАРА
382247,ПАНТАРА
382248,ПАНТАРА
382249,ПАНТАРА
382250,ПАНТАРА
382251,ПАНТАРА
382252,ПАНТАРА
382253,ПАНТАРА
382254,ПАНТАРА
382255,ПАНТАРА
382256,ПАНТАРА
382257,ПАНТАРА
382258,ПАНТАРА
382259,ПАНТАРА
382260,ПАНТАРА
382261,ПАНТАРА
382262,ПАНТАРА
382263,ПАНТАРА
382264,ПАНТАРА
382265,ПАНТАРА
382266,ПАНТАРА
382373,Декоративнаятарелка
382372,Декоративнаятарелка
382366,Декоративнаятарелка
382360,Декоративнаятарелка
382375,Декоративнаятарелка
382371,Декоративнаятарелка
382370,Декоративнаятарелка
382367,Декоративнаятарелка
382369,Декоративнаятарелка
382368,Декоративнаятарелка
382347,Декоративнаятарелка
382348,Декоративнаятарелка
382340,Декоративнаятарелка
382338,Декоративнаятарелка
382382,Декоративнаятарелка
382381,Декоративнаятарелка
382380,Декоративнаятарелка
382351,Декоративнаятарелка
382346,Декоративнаятарелка
382339,Декоративнаятарелка
382337,Декоративнаятарелка
382336,Декоративнаятарелка
382390,Декоративнаятарелка
382389,Декоративнаятарелка
382384,Декоративнаятарелка
382383,Декоративнаятарелка
382365,Декоративнаятарелка
382364,Декоративнаятарелка
382363,Декоративнаятарелка
382362,Декоративнаятарелка
382361,Декоративнаятарелка
382359,Декоративнаятарелка
382358,Декоративнаятарелка
382356,Декоративнаятарелка
382344,Декоративнаятарелка
382350,Декоративнаятарелка
382342,Декоративнаятарелка
382341,Декоративнаятарелка
382385,Декоративнаятарелка
382379,Декоративнаятарелка
382378,Декоративнаятарелка
382377,Декоративнаятарелка
382376,Декоративнаятарелка
382374,Декоративнаятарелка
382345,Декоративнаятарелка
382343,Декоративнаятарелка
382387,Декоративнаятарелка
382354,Декоративнаятарелка
382349,Декоративнаятарелка
382388,Декоративнаятарелка
382355,Декоративнаятарелка
382353,Декоративнаятарелка
382352,Декоративнаятарелка
382386,Декоративнаятарелка
382357,Декоративнаятарелка
382498,Декоративноепанно
382521,Декоративноепанно
382561,Декоративноепанно
382567,Декоративноепанно
382520,Декоративноепанно
382523,Декоративноепанно
382557,Декоративноепанно
382564,Декоративноепанно
382565,Декоративноепанно
382568,Декоративноепанно
382570,Декоративноепанно
382518,Декоративноепанно
382519,Декоративноепанно
382563,Декоративноепанно
382571,Декоративноепанно
382522,Декоративноепанно
382525,Декоративноепанно
382560,Декоративноепанно
382562,Декоративноепанно
382566,Декоративноепанно
382573,Декоративноепанно
382516,Декоративноепанно
382524,Декоративноепанно
382556,Декоративноепанно
382569,Декоративноепанно
382572,Декоративноепанно
382574,Декоративноепанно
382575,Декоративноепанно
382492,Декоративноепанно
382535,Декоративноепанно
382538,Декоративноепанно
382491,Декоративноепанно
382494,Декоративноепанно
382495,Декоративноепанно
382517,Декоративноепанно
382526,Декоративноепанно
382530,Декоративноепанно
382539,Декоративноепанно
382493,Декоративноепанно
382505,Декоративноепанно
382507,Декоративноепанно
382531,Декоративноепанно
382532,Декоративноепанно
382536,Декоративноепанно
382540,Декоративноепанно
382559,Декоративноепанно
382499,Декоративноепанно
382500,Декоративноепанно
382501,Декоративноепанно
382504,Декоративноепанно
382510,Декоративноепанно
382511,Декоративноепанно
382529,Декоративноепанно
382533,Декоративноепанно
382546,Декоративноепанно
382552,Декоративноепанно
382558,Декоративноепанно
382502,Декоративноепанно
382506,Декоративноепанно
382515,Декоративноепанно
382528,Декоративноепанно
382534,Декоративноепанно
382537,Декоративноепанно
382544,Декоративноепанно
382545,Декоративноепанно
382547,Декоративноепанно
382548,Декоративноепанно
382549,Декоративноепанно
382550,Декоративноепанно
382553,Декоративноепанно
382554,Декоративноепанно
382555,Декоративноепанно
382584,Декоративноепанно
382589,Декоративноепанно
382597,Декоративноепанно
382496,Декоративноепанно
382508,Декоративноепанно
382527,Декоративноепанно
382605,Декоративноепанно
382497,Декоративноепанно
382503,Декоративноепанно
382509,Декоративноепанно
382542,Декоративноепанно
382579,Декоративноепанно
382596,Декоративноепанно
382601,Декоративноепанно
382514,Декоративноепанно
382578,Декоративноепанно
382580,Декоративноепанно
382581,Декоративноепанно
382585,Декоративноепанно
382587,Декоративноепанно
382593,Декоративноепанно
382612,Декоративноепанно
382541,Декоративноепанно
382543,Декоративноепанно
382551,Декоративноепанно
382577,Декоративноепанно
382586,Декоративноепанно
382599,Декоративноепанно
382600,Декоративноепанно
382603,Декоративноепанно
382608,Декоративноепанно
382611,Декоративноепанно
382613,Декоративноепанно
382615,Декоративноепанно
382512,Декоративноепанно
382582,Декоративноепанно
382588,Декоративноепанно
382595,Декоративноепанно
382598,Декоративноепанно
382607,Декоративноепанно
382610,Декоративноепанно
382614,Декоративноепанно
382576,Декоративноепанно
382602,Декоративноепанно
382604,Декоративноепанно
382513,Декоративноепанно
382583,Декоративноепанно
382590,Декоративноепанно
382594,Декоративноепанно
382606,Декоративноепанно
382609,Декоративноепанно
382592,Декоративноепанно
382591,Декоративноепанно
"383133,383202",Декоративныйшар
383134,Декоративныйшар
383135,Декоративныйшар
383136,Декоративныйшар
383137,Декоративныйшар
383138,Декоративныйшар
383139,Декоративныйшар
383140,Декоративныйшар
383141,Декоративныйшар
383142,Декоративныйшар
383143,Декоративныйшар
383144,Декоративныйшар
383145,Декоративныйшар
383146,Декоративныйшар
383147,Декоративныйшар
383148,Декоративныйшар
383149,Декоративныйшар
383150,Декоративныйшар
383151,Декоративныйшар
383152,Декоративныйшар
383153,Декоративныйшар
383154,Декоративныйшар
383155,Декоративныйшар
383156,Декоративныйшар
383157,Декоративныйшар
383158,Декоративныйшар
383159,Декоративныйшар
383160,Декоративныйшар
383161,Декоративныйшар
383162,Декоративныйшар
383163,Декоративныйшар
383164,Декоративныйшар
383165,Декоративныйшар
383166,Декоративныйшар
383167,Декоративныйшар
383168,Декоративныйшар
383169,Декоративныйшар
383170,Декоративныйшар
383171,Декоративныйшар
383172,Декоративныйшар
383173,Декоративныйшар
383174,Декоративныйшар
383175,Декоративныйшар
383176,Декоративныйшар
383177,Декоративныйшар
383178,Декоративныйшар
383179,Декоративныйшар
383180,Декоративныйшар
383181,Декоративныйшар
383182,Декоративныйшар
383183,Декоративныйшар
383184,Декоративныйшар
383185,Декоративныйшар
383186,Декоративныйшар
383187,Декоративныйшар
383188,Декоративныйшар
383189,Декоративныйшар
383190,Декоративныйшар
383191,Декоративныйшар
383192,Декоративныйшар
383193,Декоративныйшар
383194,Декоративныйшар
383195,Декоративныйшар
383196,Декоративныйшар
383197,Декоративныйшар
383198,Декоративныйшар
383199,Декоративныйшар
383200,Декоративныйшар
383201,Декоративныйшар
383202,Декоративныйшар
383394,ДЖЕМУР
383395,ДЖЕМУР
383396,ДЖЕМУР
383397,ДЖЕМУР
383398,ДЖЕМУР
383399,ДЖЕМУР
383400,ДЖЕМУР
383401,ДЖЕМУР
383402,ДЖЕМУР
383403,ДЖЕМУР
383404,ДЖЕМУР
383405,ДЖЕМУР
383406,ДЖЕМУР
383407,ДЖЕМУР
383408,ДЖЕМУР
383409,ДЖЕМУР
"381513
",БОРНЕО
"381517

",БОРНЕО
